<?xml version="1.0" encoding="UTF-8"?>
<feature
      id="org.eclipse.recommenders.mylyn.rcp.feature"
      label="%label"
      version="2.4.9.v20170613-1301"
      provider-name="%provider-name"
      plugin="org.eclipse.recommenders.mylyn.rcp">

   <description url="http://www.eclipse.org/recommenders/">
      %description
   </description>

   <copyright>
      %copyright
   </copyright>

   <license url="%licenseURL">
      %license
   </license>

   <requires>
      <import feature="org.eclipse.mylyn.java_feature" version="3.8.0"/>
      <import feature="org.eclipse.recommenders.rcp.feature" version="2.4.9" match="equivalent"/>
   </requires>

   <plugin
         id="org.eclipse.recommenders.mylyn.rcp"
         download-size="18"
         install-size="22"
         version="2.4.9.v20170613-1301"
         unpack="false"/>

</feature>
