<?xml version="1.0" encoding="UTF-8"?>
<feature
      id="org.eclipse.equinox.p2.core.feature"
      label="%featureName"
      version="1.4.0.v20170524-1345"
      provider-name="%providerName">

   <description>
      %description
   </description>

   <copyright>
      %copyright
   </copyright>

   <license url="%licenseURL">
      %license
   </license>

   <requires>
      <import feature="org.eclipse.ecf.core.feature" version="1.4.0" match="compatible"/>
      <import feature="org.eclipse.ecf.core.ssl.feature" version="1.1.0" match="compatible"/>
      <import feature="org.eclipse.ecf.filetransfer.feature" version="3.13.7" match="compatible"/>
      <import feature="org.eclipse.ecf.filetransfer.httpclient4.feature" version="3.13.7" match="compatible"/>
      <import feature="org.eclipse.ecf.filetransfer.httpclient4.ssl.feature" version="1.1.0" match="compatible"/>
      <import feature="org.eclipse.ecf.filetransfer.ssl.feature" version="1.1.0" match="compatible"/>
   </requires>

   <plugin
         id="org.eclipse.equinox.p2.artifact.repository"
         download-size="137"
         install-size="300"
         version="1.1.600.v20170511-1106"
         unpack="false"/>

   <plugin
         id="org.eclipse.equinox.p2.console"
         download-size="27"
         install-size="61"
         version="1.0.600.v20170511-1106"
         unpack="false"/>

   <plugin
         id="org.eclipse.equinox.p2.core"
         download-size="71"
         install-size="131"
         version="2.4.100.v20160419-0834"
         unpack="false"/>

   <plugin
         id="org.eclipse.equinox.p2.director"
         download-size="102"
         install-size="232"
         version="2.3.300.v20160504-1450"
         unpack="false"/>

   <plugin
         id="org.eclipse.equinox.p2.engine"
         download-size="209"
         install-size="466"
         version="2.5.0.v20170319-2002"
         unpack="false"/>

   <plugin
         id="org.eclipse.equinox.p2.garbagecollector"
         download-size="25"
         install-size="45"
         version="1.0.300.v20160504-1450"
         unpack="false"/>

   <plugin
         id="org.eclipse.equinox.p2.metadata"
         download-size="335"
         install-size="748"
         version="2.3.200.v20170511-1106"
         unpack="false"/>

   <plugin
         id="org.eclipse.equinox.p2.metadata.repository"
         download-size="119"
         install-size="261"
         version="1.2.400.v20170511-1106"
         unpack="false"/>

   <plugin
         id="org.eclipse.equinox.p2.repository"
         download-size="131"
         install-size="264"
         version="2.3.300.v20170511-1216"
         unpack="false"/>

   <plugin
         id="org.eclipse.equinox.p2.touchpoint.eclipse"
         download-size="125"
         install-size="274"
         version="2.1.500.v20170516-0526"
         unpack="false"/>

   <plugin
         id="org.eclipse.equinox.p2.touchpoint.natives"
         download-size="75"
         install-size="148"
         version="1.2.200.v20170511-1216"
         unpack="false"/>

   <plugin
         id="org.eclipse.equinox.simpleconfigurator.manipulator"
         download-size="25"
         install-size="48"
         version="2.0.300.v20170515-0721"
         unpack="false"/>

   <plugin
         id="org.sat4j.core"
         download-size="354"
         install-size="682"
         version="2.3.5.v201308161310"
         unpack="false"/>

   <plugin
         id="org.sat4j.pb"
         download-size="236"
         install-size="491"
         version="2.3.5.v201404071733"
         unpack="false"/>

   <plugin
         id="org.eclipse.equinox.frameworkadmin"
         download-size="36"
         install-size="69"
         version="2.0.300.v20160504-1450"
         unpack="false"/>

   <plugin
         id="org.eclipse.equinox.frameworkadmin.equinox"
         download-size="63"
         install-size="134"
         version="1.0.800.v20170524-1345"
         unpack="false"/>

   <plugin
         id="org.eclipse.equinox.preferences"
         download-size="130"
         install-size="264"
         version="3.7.0.v20170126-2132"
         unpack="false"/>

   <plugin
         id="org.eclipse.equinox.security"
         download-size="107"
         install-size="219"
         version="1.2.300.v20170505-1235"
         unpack="false"/>

   <plugin
         id="org.eclipse.equinox.p2.jarprocessor"
         download-size="70"
         install-size="120"
         version="1.0.500.v20160504-1450"
         unpack="false"/>

   <plugin
         id="org.eclipse.equinox.p2.transport.ecf"
         download-size="42"
         install-size="88"
         version="1.1.300.v20161004-0244"
         unpack="false"/>

   <plugin
         id="org.eclipse.equinox.p2.operations"
         download-size="75"
         install-size="173"
         version="2.4.300.v20170511-1106"
         unpack="false"/>

   <plugin
         id="org.eclipse.equinox.security.macosx"
         os="macosx"
         download-size="16"
         install-size="58"
         version="1.100.200.v20130327-1442"
         fragment="true"
         unpack="false"/>

    <plugin
         id="org.eclipse.equinox.security.linux.x86_64"
         os="linux"
         arch="x86_64"
         download-size="16"
         install-size="30"
         version="1.0.100.v20170504-1307"
         fragment="true"
         unpack="false"/>

   <plugin
         id="org.eclipse.equinox.security.win32.x86"
         os="win32"
         arch="x86"
         download-size="22"
         install-size="47"
         version="1.0.300.v20130327-1442"
         fragment="true"
         unpack="false"/>

   <plugin
         id="org.eclipse.equinox.security.win32.x86_64"
         os="win32"
         arch="x86_64"
         download-size="34"
         install-size="65"
         version="1.0.100.v20130327-1442"
         fragment="true"
         unpack="false"/>

   <plugin
         id="org.tukaani.xz"
         download-size="115"
         install-size="183"
         version="1.5.0.v20170111-1717"
         unpack="false"/>

</feature>
