<?xml version="1.0" encoding="UTF-8"?>
<feature
      id="org.eclipse.epp.mpc"
      label="%featureName"
      version="1.6.0.v20170616-0843"
      provider-name="%providerName"
      plugin="org.eclipse.epp.mpc.ui">

   <description url="http://www.eclipse.org/epp/mpc/">
      %description
   </description>

   <copyright>
      %copyright
   </copyright>

   <license url="%licenseURL">
      %license
   </license>

   <requires>
      <import feature="org.eclipse.equinox.p2.discovery.feature" version="1.0.0.v201004" match="compatible"/>
   </requires>

   <plugin
         id="org.eclipse.epp.mpc.core"
         download-size="239"
         install-size="515"
         version="1.6.0.v20170614-1943"
         unpack="false"/>

   <plugin
         id="org.eclipse.epp.mpc.core.win32"
         os="win32"
         download-size="12"
         install-size="17"
         version="1.6.0.v20170511-1445"
         unpack="false"/>

   <plugin
         id="org.eclipse.epp.mpc.ui"
         download-size="581"
         install-size="1271"
         version="1.6.0.v20170616-0843"
         unpack="false"/>

   <plugin
         id="org.eclipse.epp.mpc.help.ui"
         download-size="749"
         install-size="780"
         version="1.6.0.v20170516-1025"
         unpack="false"/>

</feature>
