<?xml version="1.0" encoding="UTF-8"?>
<feature
      id="org.eclipse.recommenders.snipmatch.rcp.feature"
      label="%label"
      version="2.4.9.v20170613-1301"
      provider-name="%provider-name"
      plugin="org.eclipse.recommenders.snipmatch.rcp">

   <description url="http://www.eclipse.org/recommenders/">
      %description
   </description>

   <copyright>
      %copyright
   </copyright>

   <license url="%licenseURL">
      %license
   </license>

   <requires>
      <import feature="org.eclipse.recommenders.rcp.feature" version="2.4.9" match="equivalent"/>
   </requires>

   <plugin
         id="org.eclipse.recommenders.snipmatch"
         download-size="61"
         install-size="123"
         version="2.4.9.v20170613-1301"
         unpack="false"/>

   <plugin
         id="org.eclipse.recommenders.snipmatch.rcp"
         download-size="308"
         install-size="683"
         version="2.4.9.v20170613-1301"
         unpack="false"/>

</feature>
